Income,Recency,Total_amount_spent,Customer_purchases_webvisits,Length_of_Association,Age
58138,58,1617,32,100,63
46344,38,27,11,81,66
71613,26,776,25,88,55
26646,26,53,14,82,36
58293,94,422,24,83,39
62513,16,716,28,87,53
55635,34,590,27,97,49
33454,32,169,18,92,35
30351,19,46,15,91,46
18985.5,68,49,22,81,70
18985.5,59,61,14,97,44
63033,82,1102,18,85,61
59354,53,310,21,85,68
18985.5,38,46,13,99,33
82800,23,1315,29,97,70
41850,51,96,17,96,40
37760,20,317,20,100,70
76995,91,1778.25,31,93,70
33812,86,133,14,98,35
37040,41,316,20,101,38
18985.5,42,1730,33,96,41
58607,63,972,25,96,70
65324,0,544,24,83,66
40689,69,444,28,93,69
18985.5,89,75,15,96,51
53359,4,257,21,91,44
38360,26,131,12,91,32
84130,96,1672,28,85,55
18985.5,34,30,13,79,32
38620,56,318,14,92,57
40548,31,120,14,99,50
46610,8,302,23,98,68
68657,4,1196,25,94,70
49389,55,65,13,88,69
67353,37,913,30,84,50
23718,76,81,16,88,44
42429,99,67,12,82,47
48948,53,902,30,95,70
80011,3,1395,25,92,40
20559,88,53,15,94,35
21994,4,22,10,96,63
18985.5,19,31,13,87,45
79941,72,984,17,78,44
18985.5,24,122,19,98,32
41728,92,55,15,91,52
72550,39,1319,33,98,66
65486,29,507,19,79,63
79143,2,1693,32,101,56
35790,54,72,14,96,43
82582,54,1617,22,78,43
66373,57,606,26,90,42
82384,55,1778.25,28,97,65
70287,30,1093,24,93,54
27938,31,29,10,80,32
55954,63,518,26,82,52
75777,12,1438,22,90,38
66653,18,612,25,100,45
61823,26,884,31,94,68
67680,8,606,24,90,69
70666,29,1076,20,85,70
25721,75,34,12,91,49
32474,0,22,11,79,53
84130,19,1274,33,81,41
69096,4,653,22,87,62
74854,90,1562,24,93,50
66991,1,1253,24,100,66
65031,29,863,33,93,61
60631,88,661,31,93,45
28332,58,65,10,80,68
40246,68,22,10,96,43
75251,34,1778.25,24,100,48
75825,40,1778.25,26,99,44
26326,12,22,10,88,44
56046,9,692,29,96,55
29760,87,165,20,100,35
26304,5,22,11,90,51
23559,87,79,16,90,47
38620,56,318,14,92,57
81361,18,778,28,82,33
29440,95,56,14,88,60
36138,48,151,20,89,50
50388,3,372,24,79,63
79593,70,1366,21,79,47
54178,79,194,12,83,53
42394,69,32,12,81,48
23626,84,43,15,79,50
30096,30,45,12,79,37
47916,72,606,28,97,60
51813,37,63,14,93,48
78497,44,978,27,85,69
50150,32,410,21,90,37
47823,0,72,15,89,60
34554,43,55,13,81,61
84130,59,1169,32,92,41
65846,68,1120,20,91,70
84130,35,1097,21,79,61
24594,94,29,10,84,41
49096,15,187,20,87,56
52413,56,910,32,95,51
38557,17,145,16,96,42
84130,18,850,16,97,60
77298,46,969,27,86,41
68126,40,1778.25,26,98,32
57288,27,608,26,78,57
84130,95,730,28,96,32
43974,19,551,28,97,40
50785,27,114,14,87,58
84130,25,1724,16,83,50
36550,74,577,29,94,42
30753,85,81,12,89,53
21918,37,33,13,85,51
56129,65,660,26,90,67
32557,13,80,14,82,53
19510,63,30,13,88,35
30992,83,43,12,92,44
84130,69,1135,29,94,37
71488,87,559,17,94,55
79607,37,1778.25,17,92,36
54348,51,90,14,78,67
77376,72,661,27,79,64
62998,10,463,24,87,68
61331,42,632,31,94,62
73448,10,725,23,82,51
41551,51,279,24,88,56
62981,21,1482,26,93,53
18985.5,31,29,14,101,44
33762,61,106,17,90,61
35860,37,49,11,79,47
36921,74,38,14,89,55
84130,46,1778.25,24,98,32
65104,4,1053,24,85,44
84130,73,1385,25,92,58
68352,47,871,31,88,46
41883,13,312,19,93,32
59809,36,877,23,98,44
23957,47,68,12,98,45
38547,49,22,12,88,39
35688,94,211,24,100,47
49605,65,127,11,78,54
59354,59,459,19,80,67
65747,96,460,25,82,51
46344,28,429,24,96,48
34176,12,89,17,79,32
61010,57,1021,31,99,68
69372,10,1381,25,94,70
49967,4,306,22,90,62
60199,49,22,10,87,42
55375,3,162,11,86,43
80317,64,1231,19,88,65
30523,0,22,11,90,62
70356,20,1706,33,98,70
23228,91,121,19,84,36
74165,9,1293,22,92,45
84130,98,1608,33,82,47
43482,83,88,15,85,54
62551,27,421,21,85,67
52332,63,259,16,88,61
66951,46,1117,16,86,32
26091,84,89,14,82,63
33456,58,36,13,80,55
28718,78,57,15,89,38
50447,4,148,14,80,50
53537,17,93,13,83,61
52074,77,119,11,81,53
80427,56,1778.25,33,100,45
83837,79,1318,29,96,70
38853,90,45,14,79,50
38285,96,22,10,78,61
78497,44,978,27,85,69
51650,81,191,15,79,44
18985.5,77,57,15,79,32
66835,21,1033,26,87,70
30477,16,66,12,83,36
28249,80,43,12,78,59
25271,45,50,14,97,37
32303,63,39,12,81,50
61286,34,608,23,89,54
74068,14,1581,26,93,44
45759,13,68,14,94,56
24882,52,80,11,100,42
66973,98,1282,31,91,32
36640,99,65,11,87,70
38872,93,91,16,91,32
51148,38,315,22,94,47
31353,24,31,14,84,43
69661,80,834,26,79,40
80067,82,1600,19,87,66
84130,20,1270,19,95,66
46854,81,263,23,81,47
69142,50,535,24,78,68
75922,60,1295,19,84,52
63693,63,1150,33,86,42
84130,54,1240,30,98,43
40637,72,38,13,89,55
18985.5,5,35,10,98,36
29604,88,53,14,84,32
48721,50,293,23,91,57
44794,99,65,12,78,54
64497,17,1778.25,33,100,66
46097,11,241,19,93,64
77972,18,1101,21,81,66
44377,70,264,27,99,52
46014,21,541,33,95,46
70951,66,1198,18,92,35
41443,79,482,28,81,43
52195,2,22,12,79,42
83790,81,1615,28,85,70
44551,24,285,19,88,66
69508,48,1135,33,97,40
45204,93,114,10,80,32
72460,56,1047,17,85,51
77622,3,714,25,80,50
30732,44,185,21,96,40
63887,38,1245,33,100,58
42011,46,189,20,93,42
51369,84,576,24,98,44
51537,27,1103,26,97,68
79930,72,1753,19,101,48
34320,66,22,12,82,34
37070,30,433,30,93,54
81975,2,1588,21,96,58
38590,65,22,12,91,49
18985.5,37,22,10,80,69
62745,89,1117,33,93,55
22212,49,69,14,84,45
23661,46,23,12,85,38
79761,32,605,22,87,62
18985.5,54,57,18,84,47
60182,23,22,10,79,70
73455,98,1778.25,25,86,52
64961,97,1009,19,96,62
22804,75,26,14,89,49
73687,8,1627,24,85,32
61074,37,1102,33,100,62
31686,31,22,12,79,56
80134,40,1690,22,91,48
75027,74,1390,26,96,67
67546,90,1778.25,23,100,32
65176,57,1531,31,98,51
31160,59,64,15,87,45
29938,52,26,12,86,35
84130,5,1112,31,93,46
26490,92,210,17,99,62
75702,77,1148,33,100,53
30899,35,33,12,99,46
63342,48,1101,25,98,59
45989,97,322,19,98,56
18985.5,95,44,15,91,56
40737,24,22,12,84,63
18985.5,60,31,13,99,41
69674,46,845,30,91,52
44159,85,275,20,78,50
37717,31,25,13,97,42
43776,9,275,25,95,68
38179,30,90,18,93,54
80124,47,1495,20,78,57
38097,70,184,18,98,50
72940,13,981,14,90,50
22070,11,67,14,87,50
69267,31,1635,21,99,67
31788,15,60,15,81,37
61905,2,231,17,83,45
29315,55,48,16,81,60
33378,38,99,16,95,57
66313,86,770,27,87,57
60714,56,957,28,95,64
77882,29,818,13,80,39
69867,30,925,18,93,34
63841,64,908,28,92,52
24480,46,102,17,94,39
51369,84,576,24,98,44
37760,20,317,20,100,70
65640,74,461,17,82,46
44319,18,37,12,80,45
30631,75,70,14,89,46
75278,17,930,26,95,68
50898,88,859,33,96,64
79946,19,1478,25,79,54
35416,62,390,24,90,70
32414,11,52,12,90,36
38361,74,137,17,84,51
82497,32,1778.25,23,98,40
18985.5,76,68,18,83,49
29672,6,25,10,94,55
55951,62,1374,31,100,68
35388,20,32,12,94,32
42386,43,100,15,95,34
68627,45,825,13,95,38
57912,34,916,33,81,55
35246,53,62,16,80,62
58821,44,728,27,86,64
46377,89,90,11,82,42
39747,43,273,21,80,32
23976,68,66,17,84,36
80950,44,1213,25,93,59
27038,64,107,16,99,54
77457,85,1157,19,82,70
64100,93,546,25,87,56
42670,12,241,15,92,32
18985.5,86,53,17,83,44
22574,28,37,14,86,53
70893,42,1508,26,95,44
54198,13,235,20,84,54
28839,86,32,12,81,64
40321,59,102,15,89,48
66503,30,401,18,101,35
30833,33,28,11,89,69
64795,23,680,23,95,49
34421,81,30,11,90,46
47025,6,22,11,82,55
64325,41,1307,30,95,59
40464,78,630,32,96,67
62187,49,1283,21,90,63
18985.5,39,65,17,90,44
27255,3,37,12,86,36
54432,37,38,10,92,70
29999,22,160,20,94,34
24072,79,23,12,92,37
33996,46,71,10,87,32
66334,82,1161,24,93,64
35178,10,59,12,96,49
22010,51,33,15,90,37
62204,38,946,25,100,60
75693,10,1442,26,97,52
30675,14,62,13,98,48
83003,18,1674,25,94,55
83532,36,1778.25,16,87,70
68655,95,1538,24,101,32
41411,11,139,14,85,34
55212,65,1182,28,97,51
59292,71,507,21,90,70
27190,13,22,12,88,47
82623,58,940,17,85,68
44300,65,42,12,90,55
84130,0,1190,16,78,50
30372,33,44,15,96,49
33181,90,22,10,84,44
71113,95,835,30,84,63
71952,93,1443,26,96,34
69759,38,1029,21,86,54
72099,18,1188,19,98,46
60000,57,1277,30,96,44
38643,45,49,14,85,42
50737,61,99,13,92,65
68462,6,1670,16,97,51
65073,65,900,16,88,70
46681,52,425,21,87,70
78618,87,1778.25,24,99,63
62187,38,636,25,81,51
28442,53,57,14,82,42
37717,31,25,13,97,42
51479,67,494,29,96,53
54803,65,693,23,100,51
79530,64,1348,28,91,60
31615,82,51,14,93,44
72025,27,1778.25,19,97,58
52614,63,990,24,97,45
35684,66,30,11,80,36
48178,69,254,24,98,45
29548,52,29,10,88,50
63810,45,1371,31,98,54
38578,2,73,17,90,48
46098,86,120,19,100,45
22585,23,81,14,93,50
30279,13,37,13,96,32
66426,14,1377,26,87,59
30822,92,51,12,90,51
33581,38,22,12,96,51
19986,74,22,11,85,35
27421,14,324,21,97,66
35688,94,211,24,100,47
36143,33,22,10,81,39
18985.5,32,41,13,91,49
43795,11,492,24,86,52
63381,78,1005,28,99,60
38823,56,114,13,100,70
83664,57,1173,24,92,52
84130,7,1738,20,84,41
62499,0,222,16,84,41
74293,66,1127,18,80,32
51012,86,209,16,92,70
70777,80,787,26,82,52
68682,56,1598,26,87,32
43824,18,186,20,99,49
18985.5,51,47,14,100,36
23442,71,27,12,96,33
18985.5,71,96,18,98,40
31395,80,64,16,93,64
75276,2,1040,28,99,55
42373,83,163,18,88,46
30507,29,343,18,94,60
55521,11,446,31,86,65
48006,55,41,11,78,55
27213,19,70,17,100,48
65808,1,272,20,79,49
30351,19,46,15,91,46
50437,28,490,26,98,57
23616,76,79,16,97,38
53858,50,915,21,98,44
66465,1,1485,33,93,65
46923,90,369,23,100,33
75072,83,1073,22,95,58
75865,73,1242,20,81,70
19789,24,78,14,85,45
80134,11,1378,26,82,32
84130,33,1474,29,94,39
49505,4,751,33,94,49
37401,14,48,14,80,47
30096,30,45,12,79,37
18985.5,75,22,12,79,38
82584,26,1435,17,91,46
84130,77,1778.25,24,92,70
48686,8,22,12,85,67
84130,42,1778.25,28,80,34
75433,28,1188,25,81,32
18985.5,52,43,12,80,32
61314,1,1008,27,92,52
84130,1,1688,20,92,59
42387,42,684,29,98,32
67309,76,1082,33,95,53
75236,27,1068,29,85,56
30015,28,57,12,83,50
50943,49,46,10,90,64
67272,12,733,28,84,54
51529,14,467,25,88,70
32011,89,122,17,88,49
18985.5,96,36,15,95,34
28691,56,34,13,90,32
56223,72,156,14,84,70
18985.5,14,22,10,89,70
30279,13,37,13,96,32
20130,99,34,13,81,46
23295,72,22,12,89,61
42618,92,192,19,86,48
81246,87,1379,18,84,56
24027,7,48,15,91,44
55707,91,428,19,84,67
57959,71,868,30,92,65
56796,24,1001,33,94,51
36230,17,59,12,86,49
70829,87,431,19,85,40
65991,21,971,33,100,44
38988,90,348,27,100,48
84130,44,1778.25,28,99,54
42207,71,265,20,93,36
50300,52,270,15,79,68
66664,78,1289,22,99,38
60597,2,893,23,84,56
70165,60,926,23,87,70
50520,25,135,15,83,62
80124,47,1495,20,78,57
33183,46,120,16,82,45
66582,83,1288,21,82,51
75261,17,1743,19,92,65
31880,13,22,12,98,50
53790,86,542,26,82,69
49269,92,890,32,100,49
61456,47,1388,33,93,45
37406,18,22,12,86,40
56937,81,906,33,101,39
38415,91,44,13,96,42
20518,58,25,10,79,32
62503,40,973,31,94,64
41644,67,31,10,79,48
55842,19,518,22,79,43
62010,93,530,24,98,48
41124,41,506,29,98,43
38961,60,70,13,84,47
37760,54,54,12,88,48
32233,26,296,21,100,46
43057,30,266,20,86,45
83151,93,747,22,99,60
78825,35,895,32,99,56
65104,4,1053,24,85,44
60093,92,735,27,90,46
18985.5,24,22,12,83,51
28457,96,205,18,98,68
78952,11,1778.25,27,99,62
46310,99,309,22,97,44
76005,72,1722,28,94,65
58308,77,900,23,95,56
55614,85,682,27,85,70
59432,88,663,27,92,58
55563,22,43,10,81,42
78642,83,1778.25,24,92,49
67911,63,976,30,79,70
65275,9,746,23,93,70
27203,92,64,14,101,70
48330,2,32,10,85,59
24279,6,263,17,96,32
64355,66,1445,29,100,35
50943,49,46,10,90,64
53653,29,1210,33,98,67
65665,77,945,27,85,44
81217,77,1157,23,89,32
34935,71,137,15,90,32
61250,49,730,30,96,61
39665,97,216,19,91,39
60152,6,943,26,93,41
48920,93,347,23,86,56
84130,78,1778.25,20,81,61
44124,62,397,25,92,70
81169,47,1778.25,24,92,45
36443,9,138,19,95,59
26095,77,42,12,90,32
71367,24,777,19,88,61
80184,19,1778.25,23,82,70
30630,67,52,14,83,55
73454,95,1651,18,82,33
42691,48,358,18,88,32
70503,73,1727,22,99,67
25545,35,210,16,100,33
32880,76,42,13,97,34
77863,20,1291,22,85,62
50353,72,442,18,78,43
61839,20,1778.25,25,101,56
49154,69,411,25,86,60
47682,80,521,24,94,45
72679,65,1168,18,87,51
57954,52,493,30,78,43
65316,65,260,16,92,58
28567,57,46,13,90,38
47352,70,319,23,93,69
44931,0,96,12,83,53
76982,19,1062,20,82,53
57247,50,232,14,89,68
22944,67,76,16,84,39
25315,46,54,17,86,43
43638,37,201,18,101,51
42710,38,406,20,97,36
84130,9,1778.25,23,89,38
54058,56,662,23,91,44
24683,98,41,13,81,32
84130,68,1600,15,83,56
47850,72,134,14,85,40
19514,47,69,18,83,52
27159,33,22,12,81,47
39548,87,54,10,81,57
21474,0,91,15,80,32
60504,73,526,24,82,49
22419,74,162,16,92,57
81698,4,1008,26,86,70
43462,50,240,24,100,68
54880,57,795,26,94,42
79908,30,1772,21,93,38
18985.5,27,64,13,89,50
84130,61,1778.25,26,91,61
33039,4,78,12,87,42
81741,75,1572,21,90,40
71499,12,795,30,90,49
62466,13,889,30,83,50
48799,9,331,18,86,57
52157,48,265,16,78,70
66565,80,1065,27,97,58
29298,60,22,10,88,69
47691,43,22,10,90,41
38200,19,22,11,97,50
44989,26,369,22,100,46
38443,58,38,13,83,52
38593,42,177,19,87,42
64413,27,279,17,89,50
36959,56,62,15,87,39
61996,27,1230,26,95,43
51287,10,182,18,81,52
18985.5,48,49,18,88,50
47472,39,75,13,87,54
54603,85,227,23,90,64
45207,64,215,21,98,46
40689,69,444,28,93,69
47821,54,47,13,86,53
27450,57,143,14,92,69
39453,64,55,13,81,37
26850,10,63,15,80,49
79800,65,1778.25,25,99,65
61794,74,611,22,87,59
53863,4,473,25,79,65
24221,94,55,10,88,61
39684,41,81,14,99,36
84130,25,1778.25,23,97,45
69882,94,1478,21,85,55
33178,9,49,10,83,43
59973,47,382,16,87,48
18985.5,12,69,16,87,45
23910,80,67,13,98,51
42169,20,30,14,86,51
26224,39,63,15,91,42
31089,57,79,18,100,39
30081,27,42,12,94,59
62807,83,819,28,100,60
72906,79,1151,18,87,65
61467,69,594,25,97,70
49618,77,129,18,95,54
21888,15,213,22,96,34
42429,99,67,12,82,47
26150,61,28,12,94,64
30801,23,45,13,98,45
81168,84,1193,21,79,55
26877,74,268,18,88,51
45006,90,266,15,89,70
18985.5,41,37,13,97,47
22574,28,37,14,86,53
48240,73,882,30,98,51
45837,88,373,25,89,46
35791,94,35,14,92,55
84130,31,107,10,91,44
54162,31,42,10,93,42
30522,6,326,19,100,60
54456,23,404,23,89,59
31632,92,95,13,89,49
72298,52,939,15,81,70
36975,50,33,12,84,42
72635,54,981,24,91,65
18985.5,93,36,13,95,44
84130,56,1237,23,91,45
70971,28,1778.25,33,99,60
34487,94,103,18,100,43
28769,76,191,21,96,43
69084,43,1586,33,85,50
65488,46,963,15,78,62
62466,13,889,30,83,50
32218,27,93,14,82,60
83917,12,1587,24,92,47
46102,3,22,11,81,58
84130,72,1375,33,91,68
56181,6,393,18,96,58
63120,53,1477,33,99,70
73691,58,1179,20,86,49
63381,78,1005,28,99,60
76140,57,1348,23,79,70
62859,37,1307,29,96,61
45906,20,486,20,92,56
77632,73,1778.25,15,94,70
46463,56,235,23,88,49
84130,36,1724,33,95,50
55282,9,235,15,84,50
78710,42,1092,32,79,43
66886,28,599,22,87,62
84130,23,1778.25,20,82,60
29103,38,48,15,100,35
67445,63,1174,33,101,46
50616,71,67,10,80,70
49431,9,365,23,101,65
84130,81,22,10,82,45
61278,87,165,16,84,67
26490,92,210,17,99,62
73059,36,1095,30,88,70
46734,86,223,18,86,54
56253,83,597,28,97,57
19986,74,22,11,85,35
58330,87,1064,28,84,45
25965,29,74,14,100,40
18985.5,88,26,11,96,64
18985.5,77,60,13,96,61
45068,25,22,11,91,46
21063,34,59,13,87,33
29187,43,34,13,92,52
54690,76,198,15,86,49
59304,81,1048,33,89,56
59247,87,574,27,85,58
66731,33,1029,20,100,50
77353,38,670,24,84,40
52614,63,990,24,97,45
26751,26,22,12,79,46
81300,17,1241,26,98,57
70337,75,576,18,84,41
36145,13,172,21,90,35
65295,19,664,22,84,40
68118,51,928,29,86,57
68743,81,1778.25,33,100,53
41039,32,467,23,89,38
38946,84,257,17,86,65
65777,87,1146,18,84,53
66476,99,689,24,94,44
84130,96,1778.25,24,100,48
84130,21,1717,33,101,38
77845,40,1346,22,79,32
69476,3,1044,17,87,51
50611,98,493,28,99,60
61209,73,957,15,88,50
42315,90,270,15,89,62
18985.5,29,29,11,86,68
47570,3,121,16,91,70
61923,94,126,11,89,59
34824,65,23,10,81,32
26518,33,57,16,93,70
45938,46,636,26,86,59
78468,29,1004,32,80,60
78901,99,734,24,87,47
71427,26,614,24,81,42
71022,30,1453,29,82,42
84130,27,1621,16,80,32
41335,24,187,19,84,52
71952,93,1443,26,96,34
35682,34,57,10,78,50
43185,88,637,28,93,69
66375,96,948,21,85,70
35178,10,59,12,96,49
25252,26,22,12,89,34
55250,49,903,31,98,55
33249,11,112,14,94,45
58398,44,596,24,91,67
50272,75,233,20,89,38
76618,64,1511,12,97,45
84130,19,1152,19,99,60
25851,45,48,14,94,42
58710,77,1185,33,93,50
45160,9,22,11,81,62
74806,1,965,20,96,55
59111,90,869,28,92,66
18988,43,22,13,79,36
72190,79,1778.25,19,94,55
18985.5,19,71,21,101,44
44794,99,65,12,78,54
80395,62,1380,26,85,65
75012,41,1027,24,83,44
56962,60,411,28,86,55
84130,17,836,30,92,32
35946,24,22,10,87,70
53593,60,480,31,101,67
66373,57,606,26,90,42
45072,74,284,24,86,70
84130,22,1472,19,86,47
72025,46,1677,28,80,70
67432,69,1335,23,93,47
70545,29,334,15,79,68
18985.5,37,22,11,93,32
62882,26,1338,24,101,51
64108,8,1099,33,93,67
34941,26,97,16,94,64
48767,79,63,14,84,70
38702,71,109,15,89,42
82224,83,902,24,83,56
83844,57,1574,21,91,68
18985.5,37,38,14,84,45
71163,30,960,25,81,32
33697,34,28,11,87,50
63564,0,1215,33,83,66
83443,89,1497,24,84,48
51518,92,449,20,87,62
58330,87,1064,28,84,45
80952,20,1757,33,94,51
75507,56,1440,24,80,41
63855,28,1006,28,95,42
62220,55,1226,29,101,48
58512,25,1171,28,87,56
40662,0,92,12,93,41
38829,86,99,13,81,61
35523,8,66,15,87,39
79146,33,564,25,80,53
78285,13,1427,24,86,32
31626,12,86,13,92,42
75127,92,833,20,79,68
48726,90,242,18,92,65
74985,8,1778.25,19,100,43
67430,6,1364,33,100,33
46891,91,183,12,88,55
62058,52,450,24,91,64
72063,3,758,23,90,41
78939,57,1507,23,84,69
42720,9,654,33,92,55
33622,22,81,16,92,48
18985.5,76,137,21,97,63
41452,86,22,11,94,67
40760,64,93,14,88,55
74250,90,1158,19,83,62
51124,79,43,10,84,65
72258,28,1525,24,87,49
71466,86,1230,20,81,46
36283,42,29,10,80,44
20587,39,25,12,79,50
30467,8,24,11,81,48
31590,40,38,13,90,48
20425,5,57,14,98,34
18985.5,96,47,19,82,60
42564,28,813,31,96,52
43783,22,629,29,79,42
40780,30,377,26,100,44
62847,45,1612,16,95,70
82017,58,729,19,98,63
18985.5,49,50,13,89,70
51267,37,270,19,86,42
46524,70,177,12,93,59
45183,33,315,20,95,58
70421,98,767,29,78,66
60161,17,1071,33,98,55
73926,54,1580,27,94,47
19329,39,60,18,84,52
61872,81,573,25,84,50
46984,71,41,10,93,64
34838,62,170,16,95,69
82716,8,1167,30,86,70
48192,76,1526,33,93,62
49681,66,458,28,86,44
56850,83,63,10,81,49
55267,28,405,20,86,63
59666,87,1027,28,93,48
72504,43,1478,24,93,48
26872,0,72,11,86,39
21359,1,48,15,92,48
73170,1,726,18,79,45
52750,72,860,31,95,65
84130,72,1497,23,85,34
65968,12,495,21,79,50
30772,89,22,10,81,44
22507,67,570,28,97,66
65685,54,769,26,81,48
25804,34,55,15,88,42
76412,15,1778.25,21,92,40
22063,43,55,14,89,48
57091,0,577,23,78,59
22419,74,162,16,92,57
84130,61,1778.25,26,91,61
78353,51,1576,32,92,61
84130,97,1616,22,92,66
37859,75,36,14,95,58
80995,83,1482,26,92,62
18985.5,23,22,11,82,36
55412,65,63,11,85,44
48789,94,680,24,100,32
56575,42,542,25,92,53
25130,10,50,14,87,40
35441,94,39,14,94,53
71391,50,1043,31,93,64
49494,46,385,21,92,48
81702,98,1633,30,99,40
45889,42,46,11,90,40
56628,30,761,25,81,43
34026,11,76,14,89,70
40049,61,290,19,97,46
34176,12,89,17,79,32
19419,76,70,20,98,39
82504,2,1066,18,89,60
81205,43,1778.25,21,83,50
61618,27,1345,22,99,32
55284,60,764,28,96,64
49980,79,195,16,86,57
18985.5,96,53,16,92,40
49166,17,368,19,90,46
65324,0,544,24,83,66
82347,38,1778.25,28,98,63
30843,43,35,11,79,54
46374,1,446,26,81,46
60474,25,1180,33,93,41
38576,2,41,12,82,47
55357,66,727,27,94,35
37758,49,40,14,99,54
84130,5,1062,28,92,32
23228,71,40,15,83,51
44602,35,292,25,82,51
18985.5,94,22,10,96,33
38683,80,341,24,99,32
49514,61,369,20,84,45
57906,29,401,21,90,47
43456,0,393,22,93,54
19485,80,22,11,87,34
53172,54,486,19,92,42
30545,71,69,14,98,41
70123,27,1727,20,87,37
62450,61,995,19,84,61
21675,55,45,17,78,44
42395,35,182,19,81,39
61346,34,989,26,87,42
80812,95,1677,20,87,67
42835,64,595,29,90,49
39922,30,156,17,94,37
84130,12,1226,29,81,64
18985.5,96,128,20,95,42
24762,16,86,17,82,48
35797,16,68,15,98,45
36627,78,22,10,89,45
51111,83,55,13,78,39
84130,96,1778.25,24,100,48
82072,67,1778.25,20,90,50
46231,87,263,24,97,67
42243,34,55,14,84,61
51195,46,564,32,93,58
68092,7,1281,25,84,42
31814,73,83,16,95,47
51390,54,353,23,100,55
76630,93,1003,26,83,37
26868,52,22,11,80,32
48948,53,902,30,95,70
55260,81,1139,31,97,48
64090,8,797,25,89,64
78331,97,1638,29,83,62
37087,50,401,23,88,46
21846,38,84,19,86,34
81320,61,928,20,95,62
54137,46,203,17,88,50
66825,73,858,18,89,53
57100,19,409,16,85,47
58917,10,282,21,93,51
84130,94,1423,18,80,43
84130,10,1449,20,85,59
45684,37,28,11,85,49
47889,94,67,11,84,46
45921,23,199,14,81,34
78420,75,1453,23,90,54
75114,40,1253,21,86,32
52278,24,1198,33,95,57
35641,11,178,17,89,48
84130,29,1778.25,21,97,32
62820,51,976,15,92,66
73113,86,1001,17,84,60
84130,9,1778.25,23,89,38
42607,30,350,17,85,66
74637,73,1650,28,91,66
46015,25,46,12,80,65
72354,67,1228,20,92,32
39858,67,95,13,95,51
34469,58,62,13,80,70
83033,82,1761,31,79,34
24401,98,467,24,100,41
77583,93,1149,21,82,42
74116,53,1778.25,21,84,38
74293,66,1127,18,80,32
68397,6,1416,24,85,44
79632,42,1113,22,80,46
46107,78,125,10,82,32
64950,29,966,32,101,69
25443,82,32,13,96,32
75127,92,833,20,79,68
32892,78,46,16,79,49
71796,54,960,21,86,49
67536,45,1778.25,33,91,50
55239,59,779,31,89,49
60554,8,811,29,89,45
64831,51,1120,28,91,68
56067,51,725,25,89,58
82025,76,1187,13,91,37
84130,62,1778.25,20,94,67
18985.5,86,66,16,96,34
51563,60,1250,27,99,33
57937,56,683,23,82,38
68274,83,305,16,87,41
39771,92,50,10,85,43
67893,31,995,24,99,45
27922,80,41,10,79,41
52190,39,77,14,79,44
44051,20,171,18,95,47
42767,53,131,15,92,49
46106,84,54,11,79,44
18985.5,50,53,20,95,44
59754,96,475,21,97,55
53700,94,694,27,100,68
59041,25,96,13,79,47
54237,48,361,22,92,63
70647,65,1079,28,99,53
52597,69,578,25,79,58
41021,12,64,13,96,51
40233,84,149,19,86,45
50183,47,231,22,78,40
54753,87,728,25,87,61
84130,35,1778,25,88,47
33471,47,93,17,99,47
34596,48,23,12,92,46
44010,46,662,33,99,40
84130,27,1198,19,83,32
40706,37,81,18,95,52
18985.5,8,92,18,98,32
59052,29,491,23,85,61
80573,85,1564,26,98,49
83715,2,926,24,83,58
82576,66,1778.25,20,101,61
56962,60,411,28,86,55
35704,54,94,13,84,68
53103,70,1085,33,87,66
46779,55,23,10,89,60
18985.5,20,22,14,78,55
33462,78,54,13,89,41
63693,63,1150,33,86,42
80763,17,1415,26,88,70
65352,43,405,20,88,46
82170,13,1778.25,21,85,42
75759,46,1778.25,31,86,51
79689,65,1315,29,91,44
35340,1,45,12,78,64
84130,6,1778.25,18,81,66
24884,32,22,11,97,48
42021,34,573,31,100,39
64449,70,805,28,82,32
64587,49,108,11,78,66
34824,65,23,10,81,32
75437,25,1493,29,85,42
26091,84,89,14,82,63
52845,7,936,31,88,47
46086,34,343,20,86,64
78028,38,528,27,100,64
84130,1,1778.25,13,86,33
56337,25,724,30,93,39
22434,25,58,15,94,33
36930,50,297,24,91,66
36130,46,488,25,95,66
65569,96,859,26,98,67
83844,57,1574,21,91,68
19514,47,69,18,83,52
36736,52,22,10,92,57
77568,30,1778.25,26,100,41
49187,63,116,10,83,44
30168,51,279,27,94,42
34053,14,103,15,100,52
38196,20,44,14,80,49
59412,56,406,18,80,69
70924,41,1363,23,80,55
54165,72,236,13,91,51
32300,1,39,13,96,47
20180,27,137,15,94,44
34961,77,79,17,78,47
28440,87,63,14,90,46
64504,81,1314,32,94,67
33564,51,71,11,78,54
18985.5,79,58,15,98,42
56320,11,702,25,93,53
28647,54,94,14,88,42
18985.5,93,80,16,95,33
32173,0,22,10,89,62
68316,54,1211,33,98,56
74538,21,1461,25,90,49
84130,58,1778.25,23,95,49
68695,3,1091,18,78,51
31056,99,55,13,95,43
79593,70,1366,21,79,47
28071,65,313,21,100,40
37334,44,62,15,82,62
46423,6,92,16,87,48
37126,9,72,12,81,49
47703,95,655,26,91,67
61180,70,704,21,80,61
38998,92,54,16,98,66
18985.5,62,178,33,99,32
76081,85,1033,16,79,58
34728,2,36,11,89,34
33168,0,122,17,99,55
33585,91,122,11,87,54
77037,3,1123,30,86,60
35196,68,497,26,97,36
44529,98,691,30,90,54
70924,41,1363,23,80,55
28764,16,22,12,79,54
69098,82,1778.25,30,94,70
25959,1,56,13,94,50
27100,64,37,12,93,37
70596,68,968,23,99,35
42557,98,270,23,100,46
53312,32,278,19,89,69
72228,87,1250,25,97,68
67605,84,938,18,93,33
62845,3,1178,33,99,70
65196,34,1155,31,89,62
42000,23,653,25,96,33
35860,37,49,11,79,47
65526,22,506,19,80,56
18985.5,19,38,15,100,59
83528,7,1650,24,80,32
64176,52,1778.25,33,101,55
22304,91,22,12,101,64
67023,93,906,26,82,42
32892,78,46,16,79,49
70713,23,1477,28,97,54
59925,83,766,29,97,65
39722,92,47,12,82,67
46610,4,467,20,89,62
84130,32,1778.25,22,90,59
84130,27,1298,27,92,39
26907,10,22,13,88,44
50014,9,396,20,83,52
41014,65,22,11,92,42
66294,68,967,15,81,55
36715,16,357,28,97,49
79456,12,1401,19,100,64
40479,95,22,10,88,38
75345,16,1778.25,23,95,50
54233,46,981,33,95,43
24163,3,22,10,86,50
84130,80,523,27,96,62
43776,77,23,10,80,37
71691,0,1192,19,81,62
84130,62,1778.25,22,79,47
39190,91,133,14,80,46
71367,24,777,19,88,61
38578,2,73,17,90,48
57236,22,121,13,81,55
61825,56,424,19,89,41
79803,54,868,14,79,62
80910,71,756,16,98,34
27590,38,22,11,92,38
56775,62,937,30,96,41
83829,78,1778.25,18,87,45
54210,18,367,19,91,41
38508,95,443,28,89,34
53187,66,267,18,86,50
30023,28,61,14,81,48
76045,78,1323,23,85,60
50870,13,63,11,78,68
18985.5,27,64,13,89,50
65463,17,562,24,83,46
66480,71,312,23,79,55
76773,79,1156,17,94,66
81698,1,1104,21,94,37
54466,78,22,10,82,47
84130,23,1778.25,20,82,60
18985.5,75,44,17,88,36
71819,70,1574,20,88,49
33569,10,63,13,86,37
36262,24,426,18,87,37
22634,47,96,14,95,54
47025,98,635,32,87,42
70566,4,757,25,87,52
31605,15,125,16,97,41
52034,67,332,23,91,47
48526,32,135,11,84,41
46734,40,330,21,97,66
39552,54,384,28,96,58
84130,78,1722,26,101,54
46931,94,78,10,80,43
18985.5,51,24,10,95,35
63998,42,1168,29,84,68
67381,67,957,24,95,69
25930,87,22,11,86,53
42693,29,57,10,78,42
84130,89,1778.25,27,98,44
72903,74,1778.25,25,86,35
49669,97,326,20,79,46
36778,63,77,18,101,52
84130,88,1313,21,92,58
18985.5,34,30,13,79,32
49678,81,315,21,95,59
56129,65,660,26,90,67
37155,51,74,12,95,32
21282,76,46,13,79,42
33419,76,86,15,88,58
63285,84,1103,28,86,70
21255,56,61,15,83,46
42162,31,145,15,85,39
54450,0,684,33,99,64
57744,91,411,24,85,66
26576,40,27,13,99,34
57513,59,1060,33,90,70
68142,96,1459,30,100,56
18985.5,61,22,12,100,41
83145,14,1778.25,28,99,46
54197,16,237,13,81,60
23091,98,48,17,79,57
46049,11,515,33,89,44
56715,52,1020,19,97,46
79410,19,1370,12,79,59
57304,61,1026,30,94,69
44375,73,301,17,81,55
54450,0,684,33,99,64
59594,74,499,24,98,55
80685,55,1004,23,100,32
40344,48,218,19,86,46
62710,53,606,26,91,48
48985,13,75,10,90,52
35322,34,106,17,100,52
77142,54,990,19,91,70
81657,69,1097,17,83,51
18985.5,81,22,10,82,32
20130,99,34,13,81,46
74214,3,1711,21,100,32
66726,61,438,24,83,63
23724,65,75,15,96,41
47353,93,225,18,85,60
33444,24,22,12,98,68
54386,8,470,20,91,39
28510,72,91,14,92,39
84130,29,1778.25,19,82,32
48070,33,504,26,95,70
43140,68,235,17,96,63
54959,55,1232,28,95,59
18985.5,76,88,17,92,62
26954,17,22,11,79,49
22327,94,24,10,89,35
44393,86,60,11,88,55
62000,25,1020,30,88,68
31497,22,155,18,97,58
45894,15,51,10,82,46
78579,35,1778.25,19,96,50
67369,81,1461,29,97,51
58401,55,96,10,80,60
62307,94,160,14,82,68
43641,50,139,16,92,51
63841,64,908,28,92,52
46891,91,183,12,88,55
70091,11,1161,27,93,51
78075,72,988,15,81,48
59184,6,1072,32,100,59
54809,0,174,16,87,43
58113,66,758,29,95,61
51412,42,195,15,84,62
18985.5,60,31,13,99,41
66636,64,1084,18,88,63
50965,87,685,30,94,64
84130,96,1672,28,85,55
18985.5,1,43,13,86,32
40451,54,49,10,82,63
36317,53,133,16,91,55
42213,96,363,22,86,63
65748,58,545,19,92,65
77044,12,1065,33,86,48
74918,78,1778.25,24,94,51
56721,64,296,21,98,48
42160,26,140,17,90,45
61559,8,530,20,89,55
33629,49,152,22,101,57
68682,56,1598,26,87,32
34377,55,114,15,95,57
18985.5,25,101,18,100,34
26228,50,25,12,87,47
77297,84,789,26,95,63
40211,30,87,15,89,39
33438,81,90,16,87,62
75032,74,1215,23,92,61
61284,76,811,28,86,65
22518,36,61,12,98,34
54730,64,405,22,88,45
38452,62,72,16,81,65
44421,53,189,22,94,49
38197,86,40,10,90,34
41986,15,63,14,82,42
28427,67,52,15,93,37
37395,47,39,11,80,44
64722,47,805,31,79,49
55249,81,130,11,80,64
84130,98,1631,26,87,48
28691,56,34,13,90,32
44213,48,152,18,85,68
25707,18,22,12,83,36
59062,74,71,11,87,53
76624,68,899,24,79,58
66000,36,711,11,80,70
27683,90,351,24,101,42
18985.5,65,22,33,79,49
18985.5,63,119,20,97,32
40521,82,22,10,93,52
20427,63,22,12,81,47
65106,55,973,33,79,45
69969,64,1536,16,88,55
67433,51,992,32,89,68
77766,97,1529,33,94,53
74716,92,860,21,87,48
68118,51,928,29,86,57
55158,72,418,25,101,50
62972,39,587,22,101,65
74190,49,641,21,79,45
39356,21,23,10,81,44
76653,91,1778.25,25,88,51
35860,37,49,11,79,47
84130,98,1778.25,19,91,37
73450,85,1778.25,30,85,38
31454,40,48,16,90,60
47139,2,83,14,82,68
83829,78,1778.25,18,87,45
53378,41,793,33,99,57
19656,94,84,16,95,50
45579,10,183,16,88,70
84130,73,1383,21,78,62
55956,22,999,20,80,70
64191,30,825,27,95,57
38808,21,246,22,100,48
57183,51,610,33,93,54
23748,97,76,17,97,52
66303,56,1286,30,94,49
37368,4,30,10,84,45
40800,77,99,15,96,56
71847,95,1192,25,99,42
46149,36,362,23,85,45
78687,13,1778.25,21,101,37
49118,90,1229,33,100,49
37633,49,38,15,99,63
39767,18,485,25,89,69
26997,89,434,20,98,69
33986,43,44,12,93,50
57091,82,496,25,97,48
46831,84,78,11,91,51
83151,80,1778.25,25,95,48
52531,68,794,27,96,49
18985.5,12,22,11,88,64
22804,75,26,14,89,49
43050,10,76,13,81,47
42997,91,22,11,85,43
48918,21,62,11,80,57
60033,28,198,12,81,66
34043,97,49,14,86,42
57811,49,802,30,90,54
78569,14,1736,16,82,70
18985.5,5,57,16,96,42
84130,37,59,10,91,49
84130,62,1778.25,20,94,67
23148,83,37,13,82,35
44267,48,310,25,94,50
71626,94,1305,22,98,41
60894,61,832,33,90,54
50200,70,401,27,93,44
81051,43,1501,25,79,55
65169,23,1189,33,83,38
59868,37,1194,33,89,48
65695,50,656,25,83,60
64857,78,1540,27,97,64
45143,74,311,22,88,55
74805,14,820,28,86,65
59060,77,274,18,83,32
27238,39,57,18,92,58
47009,89,448,21,87,55
46094,62,44,12,78,47
40321,59,102,15,89,48
37235,68,61,10,83,36
81843,13,1643,30,92,60
46692,37,397,21,91,62
77382,36,1121,27,83,52
37774,28,473,25,100,43
18985.5,2,50,16,81,46
72828,17,1678,33,94,58
24711,86,58,14,80,38
45503,54,170,14,87,45
18985.5,2,373,19,84,38
71604,3,1196,21,85,70
27244,84,101,15,82,41
48752,8,316,26,97,51
71434,4,1400,25,87,58
84130,57,1424,28,89,70
84130,24,844,29,100,42
51948,51,311,18,87,45
71853,29,1149,18,92,38
35876,13,129,14,80,37
40049,23,32,11,86,68
39660,36,299,23,101,38
50127,88,320,19,79,58
43263,2,441,21,97,43
62845,3,1178,33,99,70
18985.5,15,85,12,94,32
24367,58,24,13,93,38
33249,11,112,14,94,45
26887,27,30,11,95,61
50150,32,410,21,90,37
62061,12,800,30,88,44
84130,88,1313,21,92,58
76542,91,1483,25,93,64
70515,12,1258,19,86,32
18985.5,21,28,12,98,33
69139,23,227,15,83,55
69109,10,1555,24,98,38
69627,35,861,28,93,58
38136,69,103,16,92,42
62159,68,634,23,80,70
80695,85,1778.25,21,84,57
33316,34,131,16,87,49
58554,55,586,29,99,52
18985.5,10,62,15,85,32
53034,30,447,30,91,46
52203,36,939,33,101,70
59601,14,797,23,89,43
75154,79,1143,19,100,62
47025,52,415,23,86,44
37971,97,30,13,85,47
41335,24,187,19,84,52
67267,0,251,13,79,62
57338,96,237,17,80,45
50523,89,91,14,84,60
35791,94,35,14,92,55
50611,98,493,28,99,60
56242,72,971,33,94,51
48904,1,371,25,97,60
56243,26,396,25,84,45
21355,5,68,13,88,35
57420,22,322,22,90,49
46390,56,222,17,80,65
54342,74,177,18,90,64
20895,24,45,15,99,47
84130,9,1778.25,21,83,70
26907,10,22,13,88,44
44964,35,41,13,96,40
75507,56,1440,24,80,41
53761,7,325,22,86,48
22682,51,95,14,87,47
38887,17,42,12,82,48
41658,30,72,10,98,45
29791,21,22,12,79,48
63915,2,789,28,89,64
39996,85,22,10,79,46
26759,65,59,14,82,48
63841,64,908,28,92,52
51039,11,417,21,97,51
60544,92,289,21,100,59
65685,54,769,26,81,48
37716,4,188,17,80,67
36864,53,354,22,101,63
44511,39,727,33,99,50
36947,49,146,20,101,53
47352,70,319,23,93,69
67087,40,794,26,84,67
57045,40,454,21,100,70
36957,43,152,20,100,67
69389,17,797,26,99,43
80134,40,1690,22,91,48
43142,84,22,11,82,51
80589,25,1428,22,83,70
34412,62,209,20,94,32
57537,83,545,23,91,41
22634,47,96,14,95,54
51315,45,222,12,82,70
36026,34,61,13,81,48
24639,3,44,15,83,47
34578,1,22,10,80,48
65704,18,817,24,86,48
63810,45,1371,31,98,54
54132,81,42,12,82,51
18985.5,77,60,13,96,61
28164,23,78,16,92,50
34596,48,23,12,92,46
43269,61,22,12,87,48
38741,60,61,14,81,62
31907,75,449,21,94,48
27100,64,37,12,93,37
31163,54,38,11,82,47
84130,84,1131,25,84,35
34853,75,34,13,84,47
70844,16,294,24,86,53
31086,79,48,14,92,41
60544,92,289,21,100,59
20491,16,30,11,95,34
42523,96,125,10,80,56
39922,30,156,17,94,37
33402,60,70,17,89,68
36408,11,22,10,87,70
21645,75,65,18,100,41
78427,36,1778.25,26,98,70
82657,71,1778.25,27,87,70
51876,88,310,14,86,62
78041,93,1319,20,96,49
52852,93,879,33,97,63
70038,54,1244,19,86,38
69401,41,690,19,81,47
46053,46,209,17,94,48
77343,28,1134,18,78,55
73892,40,1507,24,85,67
40304,82,57,13,87,53
32727,38,529,25,100,55
68695,3,1091,18,78,51
43300,87,180,19,99,49
26290,49,77,16,95,48
84130,16,1778.25,27,82,50
38410,65,534,24,99,46
64866,9,556,26,83,70
57957,24,637,28,88,61
46015,25,46,12,80,65
18985.5,43,44,16,78,42
28072,10,47,12,90,34
49476,29,795,24,90,57
50725,45,586,29,94,67
83844,57,1574,21,91,68
41145,20,22,10,82,70
67419,29,1471,30,95,50
23162,82,65,14,84,50
34380,68,175,20,92,43
34704,65,40,10,92,54
84130,99,1078,25,100,51
65148,9,1115,25,97,62
39898,20,134,16,94,66
64857,78,1540,27,97,64
59892,26,87,10,86,50
41020,68,217,13,86,33
57072,79,1034,32,83,59
60474,25,1180,33,93,41
62807,83,819,28,100,60
19414,32,32,13,86,39
19107,49,46,13,88,40
75484,50,1159,22,101,44
70379,84,860,29,94,44
79419,96,1631,17,78,50
64014,56,444,29,78,70
76998,85,1778.25,33,96,65
49854,63,380,24,85,48
60585,17,736,33,90,49
42873,11,269,23,95,70
84130,62,1778.25,33,89,32
57867,48,612,31,87,42
35765,86,75,14,84,32
65492,73,1045,28,83,61
32952,36,55,13,85,43
53374,34,1064,30,100,51
71706,16,1443,30,97,61
68487,48,1366,33,95,32
53253,61,436,24,94,45
31163,54,38,11,82,47
42014,56,436,28,100,43
54108,74,747,33,98,47
49667,35,1396,30,100,65
63206,65,928,16,81,46
57136,48,642,32,90,48
46772,88,1048,33,98,45
78931,19,943,25,86,49
53977,21,907,32,91,62
84130,27,1198,19,83,32
46098,86,120,19,100,45
73538,92,1658,33,97,55
79529,1,1638,24,80,34
20981,14,73,15,92,43
51766,74,275,17,81,40
55759,84,854,33,97,58
33039,4,78,12,87,42
37787,50,106,15,87,48
27242,2,106,16,98,50
84130,73,1778.25,22,91,37
69930,21,1662,25,91,49
37697,82,84,13,82,44
37401,14,48,14,80,47
18985.5,56,22,14,92,47
58597,20,733,33,97,44
82032,54,1234,18,81,70
28087,77,112,16,97,62
74004,5,1658,18,82,33
19740,65,55,12,93,60
57036,33,1513,33,97,45
53083,65,271,24,91,62
69283,41,904,32,78,45
46098,86,120,19,100,45
23331,92,103,16,100,32
23331,97,269,26,99,32
18985.5,91,22,13,84,32
67786,0,1156,17,85,61
71969,59,1086,27,98,49
59235,4,1128,33,95,53
31928,5,72,16,81,32
74881,48,964,32,94,59
65819,99,1383,23,97,42
51411,81,22,10,91,67
51983,95,793,31,100,56
42386,43,100,15,95,34
30390,5,80,12,88,33
30983,50,167,16,98,57
66033,76,677,27,95,63
37284,46,23,10,93,45
57530,68,92,10,86,69
76800,33,641,17,81,55
63943,50,1106,22,100,64
76081,85,1033,16,79,58
67445,63,1174,33,101,46
37054,89,25,13,87,53
47175,81,240,25,98,58
31859,77,22,11,90,44
27215,50,102,17,95,59
70179,10,1034,31,89,44
39922,30,156,17,94,37
49681,66,458,28,86,44
24645,16,22,12,98,32
79865,12,792,22,78,66
44322,30,92,16,78,35
47958,8,407,21,95,68
63972,93,1269,27,97,56
75315,14,841,25,80,66
55517,53,633,32,99,70
75283,26,1019,29,93,63
82800,23,1315,29,97,70
38998,92,54,16,98,66
84130,29,1778.25,19,82,32
27161,41,52,12,86,34
42014,56,436,28,100,43
38201,19,268,23,93,60
45203,4,147,14,81,38
81574,89,1778.25,19,80,70
34935,71,137,15,90,32
60482,81,507,24,95,44
34633,31,22,10,83,64
78093,53,1105,18,84,70
82460,78,974,16,85,70
45903,80,66,12,80,54
81361,18,778,28,82,33
35860,37,49,11,79,47
40442,52,169,19,100,68
61482,39,299,14,78,55
34968,11,221,24,93,40
75794,33,1682,28,84,33
31497,22,155,18,97,58
74268,83,892,15,94,65
18985.5,43,58,14,100,32
45143,74,311,22,88,55
52569,54,95,10,81,53
48432,3,424,27,98,47
18985.5,96,47,19,82,60
36108,68,339,24,86,36
76445,2,1410,27,99,49
36663,40,35,10,80,45
53843,64,562,27,90,55
84130,26,1778.25,26,99,64
70638,69,1334,23,91,65
44512,57,32,10,88,60
27116,78,41,14,82,59
54072,71,39,13,89,57
71855,59,1141,28,95,43
51250,28,710,33,93,32
60432,61,401,25,81,47
65526,22,506,19,80,56
68655,95,1538,24,101,32
18985.5,38,57,15,97,42
64509,19,1722,23,88,32
33955,92,270,23,89,45
31353,24,31,14,84,43
55434,21,882,28,87,36
28359,35,22,11,86,37
57100,9,311,17,79,33
69139,23,227,15,83,55
52973,92,1152,33,98,64
51717,55,122,15,88,55
18985.5,14,77,17,95,49
66664,78,1289,22,99,38
50664,64,561,33,95,61
54414,49,211,17,95,57
54549,8,233,19,82,68
47111,35,1092,30,100,49
41003,11,601,23,93,57
19444,8,54,17,82,38
36301,53,78,14,86,44
73059,36,1095,30,88,70
42731,64,244,18,86,51
52854,43,116,14,81,61
22775,40,22,12,90,42
46681,52,425,21,87,70
59821,11,734,33,92,65
50002,21,638,26,90,66
69755,23,894,23,87,70
44078,17,41,12,78,51
30560,6,31,12,90,44
35924,56,34,10,81,51
64140,71,1750,23,87,56
56386,51,612,33,98,39
24594,94,29,10,84,41
75774,27,823,25,80,39
39228,1,22,10,92,60
58494,56,396,22,84,46
58684,71,813,23,78,39
57136,18,1179,26,91,53
56551,48,138,14,79,70
22448,86,55,12,82,38
82014,48,1511,28,100,59
34213,2,117,18,100,57
84130,13,1730,29,92,43
25358,57,32,12,89,70
35544,77,67,13,81,42
36634,0,335,22,91,66
62670,57,825,25,83,66
50334,24,694,29,89,48
72066,55,1778.25,19,78,39
50729,62,496,30,92,62
34916,89,231,22,91,52
64892,77,902,28,79,44
43602,45,68,15,83,54
33996,46,71,10,87,32
41473,80,76,13,90,35
63246,60,772,26,88,53
36732,71,47,11,84,61
69084,43,1586,33,85,50
77766,97,1529,33,94,53
37929,49,265,20,89,35
84130,66,1603,20,88,69
80141,20,1778.25,28,96,34
72635,54,981,24,91,65
69016,61,1533,33,97,50
20193,18,82,11,97,32
27573,45,244,22,93,45
18985.5,26,36,13,90,41
49544,0,404,23,94,44
33228,28,71,13,83,40
70440,49,1572,26,87,42
38232,84,122,16,83,49
22554,38,41,15,98,65
23536,53,22,10,79,37
49413,88,304,18,86,68
42231,99,37,10,81,51
78789,12,1754,18,101,40
56534,35,815,33,89,52
58350,5,1001,33,96,49
81217,77,1157,23,89,32
49090,45,688,28,89,69
61787,71,1319,24,90,33
18985.5,40,22,12,94,35
24336,82,31,11,100,39
18985.5,70,67,14,96,32
62335,87,708,23,91,68
42033,95,25,11,99,49
84130,72,746,12,94,37
41437,5,32,12,99,63
73705,86,1695,30,82,69
61064,80,1080,33,100,44
38452,62,72,16,81,65
18985.5,49,57,17,85,32
55012,85,660,30,81,47
18985.5,7,103,19,99,47
38175,6,153,18,87,36
58656,25,1220,33,99,64
52117,55,279,20,100,55
64813,81,745,25,84,42
54222,98,264,15,82,47
83512,31,1778.25,23,78,34
77520,30,1526,27,88,61
41154,98,69,11,93,42
80398,92,1597,29,98,54
18985.5,41,64,14,79,32
35196,68,497,26,97,36
60230,78,1067,22,91,64
22108,46,31,14,79,43
44392,71,211,21,88,46
55424,6,877,31,97,44
18985.5,82,22,12,95,41
84130,71,1778.25,28,92,37
84130,32,1778.25,21,84,32
82571,28,1686,26,81,58
38513,20,324,25,83,38
18985.5,10,69,15,80,41
42586,7,252,24,98,65
23529,67,54,11,96,55
74881,48,964,32,94,59
71107,61,1327,32,94,69
46910,36,68,13,81,56
18985.5,77,60,13,96,61
37244,90,55,12,92,65
82427,35,1456,22,81,54
75342,38,563,22,92,62
70044,46,1504,31,94,66
79146,33,564,25,80,53
77437,70,1125,24,85,57
54984,51,358,24,79,61
42403,18,42,13,84,49
55761,97,184,16,80,56
37292,32,460,27,92,37
45576,9,145,16,79,70
70321,6,1376,29,95,70
58086,80,792,31,95,51
81795,74,1382,25,98,68
28389,49,28,11,97,70
66835,21,1033,26,87,70
69901,95,882,28,91,51
80360,56,1778.25,17,94,70
63342,48,1101,25,98,59
44989,26,369,22,100,46
31859,3,48,12,82,40
51569,39,467,27,94,70
30372,33,44,15,96,49
18985.5,42,38,13,93,41
41120,80,81,15,86,52
39763,9,167,19,89,49
38725,52,45,11,79,65
77981,78,664,26,91,48
62905,68,622,24,87,56
18985.5,45,48,14,94,41
59481,47,461,18,86,45
72117,34,1073,31,88,43
21955,81,55,14,88,34
67131,72,976,32,93,64
36802,23,22,10,78,40
71853,29,1149,18,92,38
28249,80,43,12,78,59
47808,30,224,17,86,45
25509,15,101,18,99,46
51012,86,209,16,92,70
70596,68,968,23,99,35
84130,54,1165,17,91,68
42664,44,24,11,81,53
42586,7,252,24,98,65
29760,87,165,20,100,35
28973,59,269,21,99,43
39435,16,102,14,89,47
65370,1,461,20,89,36
20194,64,47,13,96,41
42473,72,144,15,82,44
64590,98,1338,30,98,52
71232,91,917,32,85,61
34600,8,318,25,96,49
46904,20,253,22,98,53
49094,6,502,26,99,47
36075,54,119,13,84,37
60839,72,1250,33,100,41
77298,46,969,27,86,41
34026,11,76,14,89,70
48918,21,62,11,80,57
82122,89,1382,27,88,58
37697,82,84,13,82,44
34074,69,255,20,89,68
28520,55,43,11,90,60
62535,13,398,17,87,65
36273,80,76,14,80,43
63404,97,902,19,78,56
75774,27,823,25,80,39
78416,99,1179,29,78,44
75702,87,1778.25,33,98,46
59385,85,185,15,92,69
37070,30,433,30,93,54
44689,82,34,13,83,69
53977,21,907,32,91,62
18985.5,92,416,25,85,54
18985.5,95,44,15,91,56
84130,2,1588,18,80,64
63159,74,1778.25,20,98,46
37758,49,40,14,99,54
46757,71,1143,30,97,57
79734,72,914,15,78,51
63207,68,1502,19,95,32
72071,4,1338,22,94,66
21840,80,27,14,89,37
58582,15,763,27,87,38
72282,70,1331,29,89,69
50387,91,525,24,88,64
32583,10,22,11,78,59
62568,99,953,20,80,58
44635,25,68,14,86,49
33316,34,131,16,87,49
63967,57,882,25,89,52
52513,84,1149,32,100,42
25293,51,37,13,87,51
54111,97,388,20,88,55
78394,13,1428,18,94,34
80739,92,1633,25,91,62
22669,30,173,19,91,45
29236,30,99,18,87,33
44911,11,215,19,93,61
54693,72,929,33,94,58
48186,39,219,19,81,46
54809,0,174,16,87,43
41580,15,92,14,97,42
80336,12,1052,26,87,50
47743,56,275,20,93,63
62972,39,587,22,101,65
57333,55,1662,33,99,66
32313,60,159,20,94,38
84130,73,1024,20,91,67
27071,90,35,13,80,52
68148,86,1042,17,88,63
65735,37,395,26,85,55
84130,7,557,28,100,45
18985.5,29,22,33,78,57
30093,19,69,13,90,32
57705,14,486,24,83,54
25008,72,34,14,83,32
83257,56,1365,33,99,32
22280,85,22,12,91,45
72159,62,1401,23,98,42
64260,1,1574,17,96,59
82733,28,1323,24,87,36
74290,70,1217,33,88,49
58217,84,103,13,97,69
21024,89,84,14,90,44
70116,73,1536,24,95,48
54006,42,581,25,99,35
69063,16,928,17,98,54
18985.5,16,22,10,84,45
61825,56,424,19,89,41
70886,65,960,16,86,49
69109,10,1555,24,98,38
60208,13,656,33,99,47
32889,78,55,14,88,52
34738,51,22,11,79,36
30538,27,367,27,99,49
82326,30,1778.25,24,81,43
26642,71,42,13,82,53
69932,97,1049,30,90,56
44503,83,48,13,80,48
60200,3,685,31,96,70
49638,71,39,10,80,68
23830,3,43,12,82,33
33051,15,835,30,100,61
72905,52,1515,21,83,62
69702,8,1039,30,94,69
70300,89,1596,33,89,45
70643,66,1778.25,24,98,36
30396,22,34,13,80,51
50616,56,149,17,80,52
62772,74,946,25,91,51
30298,48,28,10,79,35
52413,67,450,24,98,36
44155,24,46,10,83,63
84130,67,1702,18,86,49
76532,38,820,30,87,45
42081,86,382,21,94,38
67546,90,1778.25,23,100,32
84130,87,1778.25,21,80,32
31158,62,72,15,95,35
61671,23,732,33,79,52
69719,99,801,12,79,46
49160,29,236,18,86,70
24882,52,80,11,100,42
84130,90,1685,16,81,66
84130,9,277,28,79,70
59292,71,507,21,90,70
45759,13,68,14,94,56
22148,16,49,12,80,37
73395,94,397,17,81,33
29819,77,39,15,86,49
45688,20,306,18,83,52
62820,51,976,15,92,66
60491,81,1028,33,88,49
33235,71,70,14,83,34
35701,36,46,11,93,61
31535,95,51,12,87,40
84130,32,1263,21,80,60
67384,32,1490,27,98,50
80573,85,1564,26,98,49
77870,93,1778.25,26,100,53
52278,24,1198,33,95,57
57107,44,416,31,100,52
18985.5,15,85,12,94,32
36038,82,47,14,91,39
20180,27,137,15,94,44
34230,72,22,11,96,55
31878,7,70,10,78,43
70932,57,909,25,83,48
84130,84,1676,26,98,64
77598,53,1735,29,87,70
80982,48,1191,33,96,61
22701,2,24,10,88,43
55212,65,1182,28,97,51
70617,45,1280,16,90,50
64849,42,1336,24,97,63
62694,29,749,31,90,55
61917,83,91,12,85,46
67472,93,414,18,87,70
21059,40,44,15,83,38
29543,47,63,15,81,52
75903,50,901,26,93,69
34984,40,38,13,100,45
54998,3,455,24,94,64
54356,62,775,32,97,70
34242,25,22,10,81,61
25410,48,38,10,88,47
73356,56,1512,24,82,36
28320,68,43,13,95,70
23763,64,42,12,101,43
72570,67,1089,24,80,36
34529,94,162,16,99,44
70792,82,1272,22,95,69
63211,3,1173,22,98,38
83891,24,816,23,78,46
36065,54,74,17,93,52
39898,20,134,16,94,66
51141,96,157,14,90,70
56939,19,561,21,87,44
80872,60,1336,20,79,69
72335,2,1778.25,31,101,44
61798,13,463,20,85,56
76842,37,1130,17,80,70
29478,59,22,11,83,44
46998,55,377,25,98,64
84130,60,1544,30,92,32
56551,48,138,14,79,70
70053,38,1012,31,90,55
71670,8,1766,21,90,58
44359,19,45,12,78,42
40887,32,161,19,92,68
48877,27,144,15,84,54
74485,58,1734,29,88,70
64474,59,823,27,86,48
77226,29,1138,31,82,57
72643,60,1429,23,94,70
84130,41,1371,22,83,42
55686,27,982,20,94,54
39062,28,44,10,81,37
34600,8,318,25,96,49
40794,18,434,23,93,45
54690,76,198,15,86,49
18985.5,0,359,26,87,51
32632,32,576,23,101,57
38236,2,88,18,87,52
36781,16,63,14,80,41
31385,56,27,12,97,36
24570,97,193,20,94,36
25509,15,101,18,99,46
84130,35,1778.25,22,82,69
58646,3,140,12,91,58
53201,49,415,29,94,45
21994,4,22,10,96,63
57113,45,263,23,95,42
51373,37,393,16,90,32
23477,39,147,18,86,34
58116,38,443,18,80,64
72968,8,1778.25,22,84,57
39791,89,174,17,93,49
84130,47,1778.25,30,86,70
84130,75,1691,21,81,62
18985.5,86,25,14,92,60
84130,4,809,23,79,40
79205,73,895,20,100,45
56559,46,484,22,96,45
32644,38,413,26,95,47
67506,73,331,15,84,40
24206,66,25,11,94,50
28420,36,22,10,84,53
22979,29,115,18,100,50
33279,29,22,10,78,54
46423,6,92,16,87,48
30368,97,52,15,86,43
63684,61,1464,28,97,50
41638,68,441,25,94,56
68805,73,283,14,87,61
65814,90,747,28,82,54
71964,81,1778.25,20,91,62
39146,1,165,19,94,34
84130,79,1778.25,26,89,43
34445,92,839,33,95,39
68281,31,1655,30,101,62
37284,46,23,10,93,45
36790,14,66,15,94,37
27943,89,37,16,92,53
22263,31,22,12,81,69
30261,75,22,12,99,48
28587,42,78,15,82,42
43815,53,79,12,93,38
48195,53,265,23,83,64
77027,23,1175,23,83,68
71322,57,1305,32,94,55
32765,49,46,13,82,41
29672,6,25,10,94,55
23272,29,46,10,86,67
49912,5,874,33,100,70
18985.5,98,100,19,101,35
68117,80,930,31,94,70
67225,4,868,28,85,65
18985.5,70,45,17,85,44
55914,32,1260,33,92,45
40059,82,414,20,87,36
60905,27,392,17,85,70
75330,94,1109,33,99,43
60689,23,639,25,91,69
38680,97,79,13,93,36
61416,25,1665,30,95,38
49767,92,692,22,92,32
83273,98,1392,33,99,50
29009,19,44,13,85,39
45057,80,50,11,85,41
37150,80,467,28,100,49
43020,79,223,18,85,50
53154,50,158,13,78,61
65308,60,1211,32,87,47
76467,44,1575,20,100,50
81044,0,1208,23,84,70
32871,28,43,10,94,69
55801,35,527,28,87,45
76320,49,932,17,78,61
36927,46,71,16,79,65
48794,97,54,10,78,67
23478,51,129,15,93,55
71128,80,1615,33,99,47
70179,10,1034,31,89,44
59462,29,1088,32,96,70
38361,74,137,17,84,51
70038,54,1244,19,86,38
42554,93,41,11,95,42
67445,63,1174,33,101,46
67046,92,993,17,96,69
42192,40,100,11,88,70
77610,70,1680,24,98,68
31761,96,98,14,81,36
34350,81,48,12,86,41
54591,63,519,24,89,70
71866,85,715,23,84,64
25293,51,37,13,87,51
42000,23,653,25,96,33
69520,95,1455,26,90,37
64713,11,602,23,82,50
27889,42,26,11,90,43
22123,77,102,12,81,60
27803,40,176,17,100,47
51651,32,433,25,98,60
68487,48,1366,33,95,32
56796,24,1001,33,94,51
84130,61,961,20,96,32
79823,6,1518,25,81,61
30828,16,56,11,87,40
34109,39,22,10,86,49
53367,2,400,28,88,46
22390,49,26,11,86,51
71322,31,350,15,80,44
79244,58,1216,23,96,32
49912,5,874,33,100,70
48699,90,40,10,91,70
80144,47,1367,20,87,45
54252,25,264,21,91,64
81929,60,1778.25,26,99,44
76068,67,1376,16,97,45
53204,40,45,10,81,44
67911,63,976,30,79,70
18985.5,1,51,15,99,36
78128,89,1264,23,82,46
18985.5,40,75,13,94,48
20425,5,57,14,98,34
58646,3,140,12,91,58
72967,1,497,24,96,50
48150,24,266,20,91,70
82332,89,1778.25,23,99,59
58275,48,615,30,91,65
44953,31,1021,30,96,39
34587,68,22,10,79,67
43018,46,133,12,86,46
45736,92,437,26,89,66
66476,80,1013,30,85,51
27733,16,57,14,88,39
69805,50,1038,29,83,68
72217,93,1573,24,93,58
25818,51,28,11,98,49
37509,24,123,16,100,44
25176,79,22,11,88,44
43586,26,132,18,100,40
53230,86,732,28,101,64
50116,68,66,12,78,63
84130,98,1631,26,87,48
61286,34,608,23,89,54
82333,60,1778.25,20,93,34
65220,3,1282,29,100,55
33590,65,22,11,86,46
30992,83,43,12,92,44
72309,64,1778.25,23,94,44
84130,85,22,10,88,70
18985.5,69,103,16,101,40
65487,48,1169,19,83,63
58692,21,395,22,81,55
40590,30,258,21,87,51
20587,39,25,12,79,50
62637,76,185,12,82,66
29435,11,180,20,101,54
19346,26,22,13,83,46
35788,34,44,13,83,49
36997,72,94,17,95,52
23539,13,81,13,82,63
65333,58,798,33,83,47
78499,12,1334,23,85,63
29732,23,38,14,81,49
41275,33,61,16,81,60
63516,30,300,21,90,47
42769,15,88,12,86,58
49572,25,54,14,84,62
69209,4,1778.25,20,99,48
18985.5,80,68,19,83,44
40590,30,258,21,87,51
30560,6,31,12,90,44
32146,16,66,14,79,37
41713,57,174,19,80,56
34176,9,28,10,83,45
58482,59,731,28,81,65
59686,78,274,16,83,55
60896,90,1701,32,99,56
62994,74,312,19,82,40
47320,10,414,26,89,63
74859,63,1565,26,91,70
18985.5,13,29,13,86,32
31560,98,94,16,90,46
72071,4,1338,22,94,66
84130,94,1092,17,93,32
84130,91,1479,19,84,36
41967,66,54,10,85,39
69263,14,568,24,82,55
65706,77,1199,33,90,50
60934,41,873,27,83,45
71965,21,1213,20,89,69
65210,25,731,28,81,65
79174,2,1778.25,21,96,45
81380,51,1778.25,19,96,53
48432,3,424,27,98,47
52914,32,575,22,96,49
38946,84,257,17,86,65
26067,49,56,17,86,46
44325,69,542,29,94,48
42523,96,125,10,80,56
26487,23,69,14,91,42
53233,18,40,10,81,63
67716,8,1016,33,96,60
76234,21,907,26,82,48
84117,60,1566,26,79,64
65487,48,1169,19,83,63
25224,36,46,10,81,48
84130,36,1644,27,94,37
40851,63,59,12,94,49
27469,2,22,10,101,70
82347,38,1778.25,28,98,63
73803,61,1528,28,101,63
18985.5,52,35,18,93,68
43322,25,141,15,80,46
55593,63,546,23,88,47
50501,10,500,26,90,66
37085,65,61,18,78,45
18985.5,71,106,16,89,32
57731,0,704,32,97,51
48432,3,424,27,98,47
73807,88,849,25,96,42
18985.5,15,85,12,94,32
35893,80,199,23,98,52
61014,17,1147,27,101,40
32144,76,54,17,81,66
18985.5,52,43,11,97,57
45146,28,53,10,89,57
41769,31,521,30,94,65
84130,42,1623,20,83,39
38054,24,45,14,80,70
80617,42,1435,21,99,32
18985.5,12,32,14,89,44
36807,88,22,10,96,66
28427,67,52,15,93,37
82032,54,1234,18,81,70
22775,40,22,12,90,42
40101,73,415,24,98,35
58025,81,470,22,85,41
75777,12,1438,22,90,38
18985.5,7,53,18,92,41
33562,33,51,13,78,57
57642,24,679,26,83,50
58554,55,586,29,99,52
63777,87,653,33,93,41
57967,39,468,24,94,58
24434,9,50,14,79,48
18985.5,82,84,18,93,36
44802,71,1049,33,100,50
26816,50,22,10,100,34
84130,23,62,17,91,43
34421,81,30,11,90,46
61223,46,1341,23,90,53
64014,56,444,29,78,70
56981,91,1241,25,83,39
69245,8,843,26,83,64
52869,40,172,18,98,66